kernel,variant,label,M,N,K,dtype,ms,flops,bytes,tflops,gbps
softmax,torch,N=128,8192,128,0,float16,0.029103999957442284,0,4194304,0.0,144.11434875388872
softmax,triton,N=128,8192,128,0,float16,0.09452799707651138,0,4194304,0.0,44.37102371485891
softmax,torch,N=256,8192,256,0,float16,0.044704001396894455,0,8388608,0.0,187.6478108866279
softmax,triton,N=256,8192,256,0,float16,0.061824001371860504,0,8388608,0.0,135.68529719621344
softmax,torch,N=512,8192,512,0,float16,0.0814560018479824,0,16777216,0.0,205.96660306640814
softmax,triton,N=512,8192,512,0,float16,0.0721919983625412,0,16777216,0.0,232.39716839179948
softmax,torch,N=1024,8192,1024,0,float16,0.15971200168132782,0,33554432,0.0,210.09336585080757
softmax,triton,N=1024,8192,1024,0,float16,0.14742399752140045,0,33554432,0.0,227.60495281732642
softmax,torch,N=2048,8192,2048,0,float16,0.32767999172210693,0,67108864,0.0,204.80000517368327
softmax,triton,N=2048,8192,2048,0,float16,0.28575998544692993,0,67108864,0.0,234.84346100816538
softmax,torch,N=4096,8192,4096,0,float16,0.8314880132675171,0,134217728,0.0,161.41871663616843
softmax,triton,N=4096,8192,4096,0,float16,0.5795519948005676,0,134217728,0.0,231.5887602909318
softmax,torch,N=8192,8192,8192,0,float16,1.5553920269012451,0,268435456,0.0,172.58379325422857
softmax,triton,N=8192,8192,8192,0,float16,1.1430079936981201,0,268435456,0.0,234.85002509168496
causal_softmax,torch,T=128,12288,128,0,float16,0.1093439981341362,0,6291456,0.0,57.53819237780244
causal_softmax,triton,T=128,12288,128,0,float16,0.058031998574733734,0,6291456,0.0,108.41356759233183
causal_softmax,torch,T=256,24576,256,0,float16,0.46646401286125183,0,25165824,0.0,53.95019402597621
causal_softmax,triton,T=256,24576,256,0,float16,0.1204960010945797,0,25165824,0.0,208.85194339558907
causal_softmax,torch,T=512,49152,512,0,float16,1.7896959781646729,0,100663296,0.0,56.246031297019435
causal_softmax,triton,T=512,49152,512,0,float16,0.41152000427246094,0,100663296,0.0,244.6133722659869
causal_softmax,torch,T=1024,98304,1024,0,float16,7.245791912078857,0,402653184,0.0,55.570624837951854
causal_softmax,triton,T=1024,98304,1024,0,float16,1.6936960220336914,0,402653184,0.0,237.73639352149954
layernorm,torch,N=768,8192,768,0,float16,0.1149280034005642,0,25165824,0.0,218.97034017278037
layernorm,triton,N=768,8192,768,0,float16,0.10841599851846695,0,25165824,0.0,232.12278947662324
layernorm,torch,N=1024,8192,1024,0,float16,0.1454080045223236,0,33554432,0.0,230.76055620341444
layernorm,triton,N=1024,8192,1024,0,float16,0.14745600521564484,0,33554432,0.0,227.55554750672124
layernorm,torch,N=2048,8192,2048,0,float16,0.2866879999637604,0,67108864,0.0,234.08326825148973
layernorm,triton,N=2048,8192,2048,0,float16,0.28672000765800476,0,67108864,0.0,234.05713660571055
layernorm,torch,N=4096,8192,4096,0,float16,0.7642079889774323,0,134217728,0.0,175.6298415299131
layernorm,triton,N=4096,8192,4096,0,float16,0.5797119736671448,0,134217728,0.0,231.524850437304
layernorm,torch,N=8192,8192,8192,0,float16,1.628159999847412,0,268435456,0.0,164.87044026702364
layernorm,triton,N=8192,8192,8192,0,float16,1.1239680051803589,0,268435456,0.0,238.82837835488493
matmul,torch,square 512,512,512,512,float16,0.018432000651955605,268435456,1572864,14.563555040430158,85.33333031502046
matmul,triton,square 512,512,512,512,float16,0.1582079976797104,268435456,1572864,1.696724943978138,9.941747718621903
matmul,torch,square 1024,1024,1024,1024,float16,0.05734400078654289,2147483648,6291456,37.4491423434822,109.7142842094205
matmul,triton,square 1024,1024,1024,1024,float16,1.239583969116211,2147483648,6291456,1.7324228946999827,5.075457699316355
matmul,torch,square 2048,2048,2048,2048,float16,0.5447679758071899,17179869184,25165824,31.536121701251545,46.195490773317694
matmul,triton,square 2048,2048,2048,2048,float16,10.65225601196289,17179869184,25165824,1.6127916156639823,2.362487718257787
matmul,torch,square 4096,4096,4096,4096,float16,5.673952102661133,137438953472,100663296,24.222790567361315,17.74130168507909
matmul,triton,square 4096,4096,4096,4096,float16,101.70207977294922,137438953472,100663296,1.3513878357142122,0.9897860124859952
matmul,torch,gpt2 qkv M=1,1,2304,768,float16,0.021888000890612602,3538944,3545088,0.16168420394746028,161.96490569042462
matmul,triton,gpt2 qkv M=1,1,2304,768,float16,0.044304000213742256,3538944,3545088,0.07987865616934262,80.01733439185885
matmul,torch,gpt2 mlp_up M=1,1,3072,768,float16,0.043007999658584595,4718592,4726272,0.10971428658524339,109.89285801523238
matmul,triton,gpt2 mlp_up M=1,1,3072,768,float16,0.06508799642324448,4718592,4726272,0.07249557920506028,72.61357331183935
matmul,torch,gpt2 mlp_down M=1,1,768,3072,float16,0.030031999573111534,4718592,4726272,0.1571188088396446,157.37453606757373
matmul,triton,gpt2 mlp_down M=1,1,768,3072,float16,0.11830399930477142,4718592,4726272,0.03988531264986314,39.95023015092086
matmul,torch,gpt2 qkv M=8,8,2304,768,float16,0.02828799933195114,28311552,3588096,1.0008326028211636,126.84163195476553
matmul,triton,gpt2 qkv M=8,8,2304,768,float16,0.04505600035190582,28311552,3588096,0.6283636314558589,79.63636301437101
matmul,torch,gpt2 mlp_up M=8,8,3072,768,float16,0.035920001566410065,37748736,4780032,1.0509113127461567,133.07438172469236
matmul,triton,gpt2 mlp_up M=8,8,3072,768,float16,0.0655359998345375,37748736,4780032,0.5760000014542602,72.93750018414948
matmul,torch,gpt2 mlp_down M=8,8,768,3072,float16,0.03497600182890892,37748736,4780032,1.079275332402325,136.66604957828918
matmul,triton,gpt2 mlp_down M=8,8,768,3072,float16,0.12015999853610992,37748736,4780032,0.3141539319231593,39.78055973896776
matmul,torch,gpt2 qkv M=64,64,2304,768,float16,0.03268799930810928,226492416,3932160,6.928916446220416,120.29368830243779
matmul,triton,gpt2 qkv M=64,64,2304,768,float16,0.11673600226640701,226492416,3932160,1.9402104886469755,33.684209872343324
matmul,torch,gpt2 mlp_up M=64,64,3072,768,float16,0.03720000013709068,301989888,5210112,8.11800771201873,140.05677367740648
matmul,triton,gpt2 mlp_up M=64,64,3072,768,float16,0.17212800681591034,301989888,5210112,1.7544494564616437,30.268822002756224
matmul,torch,gpt2 mlp_down M=64,64,768,3072,float16,0.03992000035941601,301989888,5210112,7.56487688579815,130.51382648024153
matmul,triton,gpt2 mlp_down M=64,64,768,3072,float16,0.23161600530147552,301989888,5210112,1.3038385996119939,22.494611256326717
matmul,torch,gpt2 qkv M=512,512,2304,768,float16,0.05212799832224846,1811939328,6684672,34.759426533104694,128.23573156744354
matmul,triton,gpt2 qkv M=512,512,2304,768,float16,1.2083359956741333,1811939328,6684672,1.499532691641049,5.5321301557938
matmul,torch,gpt2 mlp_up M=512,512,3072,768,float16,0.10028799995779991,2415919104,8650752,24.089812390481335,86.25909384612457
matmul,triton,gpt2 mlp_up M=512,512,3072,768,float16,1.6365439891815186,2415919104,8650752,1.476232304154726,5.285988068262364
matmul,torch,gpt2 mlp_down M=512,512,768,3072,float16,0.10408000275492668,2415919104,8650752,23.212135281055623,83.11636982148823
matmul,triton,gpt2 mlp_down M=512,512,768,3072,float16,1.6827360391616821,2415919104,8650752,1.4357088977565253,5.1408847250396414
matmul,torch,gpt2 qkv M=4096,4096,2304,768,float16,0.514272004365921,14495514624,28704768,28.186474280030957,55.816314627882484
matmul,triton,gpt2 qkv M=4096,4096,2304,768,float16,10.813407897949219,14495514624,28704768,1.3405130705139774,2.65455333516494
matmul,torch,gpt2 mlp_up M=4096,4096,3072,768,float16,0.7639039754867554,19327352832,36175872,25.30076220598894,47.356569884256636
matmul,triton,gpt2 mlp_up M=4096,4096,3072,768,float16,13.981823921203613,19327352832,36175872,1.3823198561877055,2.5873499912367537
matmul,torch,gpt2 mlp_down M=4096,4096,768,3072,float16,0.7561120092868805,19327352832,36175872,25.56149432175849,47.84459386396853
matmul,triton,gpt2 mlp_down M=4096,4096,768,3072,float16,13.637839794158936,19327352832,36175872,1.417185795090354,2.6526101307843537
matmul_bias_gelu,torch,mlp_up M=64,64,3072,768,float16,0.04694399982690811,301989888,5210112,6.43298161881171,110.985685480801
matmul_bias_gelu,triton,mlp_up M=64,64,3072,768,float16,0.160288006067276,301989888,5210112,1.884045446751948,32.50469032482202
matmul_bias_gelu,torch,mlp_up M=512,512,3072,768,float16,0.1515520066022873,2415919104,8650752,15.941188494719263,57.081078594372364
matmul_bias_gelu,triton,mlp_up M=512,512,3072,768,float16,1.6265599727630615,2415919104,8650752,1.4852935916626808,5.318434084729652
matmul_bias_gelu,torch,mlp_up M=4096,4096,3072,768,float16,1.2043839693069458,19327352832,36175872,16.04750090049919,30.0368262297755
matmul_bias_gelu,triton,mlp_up M=4096,4096,3072,768,float16,14.027503967285156,19327352832,36175872,1.3778183828766053,2.5789243820118752
matmul_w8,triton-fp16-weights,mlp_up M=1,1,3072,768,float16,0.06499200314283371,4718592,4726272,0.07260265527791,72.7208236621514
matmul_w8,triton-int8-weights,mlp_up M=1,1,3072,768,float16,0.06963200122117996,4718592,2366976,0.06776470469392092,33.992646462673214
matmul_w8,triton-fp16-weights,big 4096x4096 M=1,1,4096,4096,float16,0.374783992767334,33554432,33570816,0.08953005637257994,89.57377222041809
matmul_w8,triton-int8-weights,big 4096x4096 M=1,1,4096,4096,float16,0.3782399892807007,33554432,16793600,0.08871201605047234,44.39932443932331
matmul_w8,triton-fp16-weights,big 4096x11008 M=1,1,11008,4096,float16,1.0318399667739868,90177536,90207744,0.0873948857417658,87.42416159943049
matmul_w8,triton-int8-weights,big 4096x11008 M=1,1,11008,4096,float16,1.2204959988594055,90177536,45118976,0.07388597429592063,36.96773774118489
matmul_w8,triton-fp16-weights,mlp_up M=4,4,3072,768,float16,0.06614399701356888,18874368,4749312,0.28535269793459994,71.8026157237779
matmul_w8,triton-int8-weights,mlp_up M=4,4,3072,768,float16,0.07427199929952621,18874368,2390016,0.2541249485406057,32.179233392674355
matmul_w8,triton-fp16-weights,big 4096x4096 M=4,4,4096,4096,float16,0.3914240002632141,134217728,33619968,0.3428960102337744,85.89143225094058
matmul_w8,triton-int8-weights,big 4096x4096 M=4,4,4096,4096,float16,0.3948799967765808,134217728,16842752,0.33989497846339145,42.65283665287675
matmul_w8,triton-fp16-weights,big 4096x11008 M=4,4,11008,4096,float16,1.1534239649772644,360710144,90298368,0.3127298850662515,78.287230664381
matmul_w8,triton-int8-weights,big 4096x11008 M=4,4,11008,4096,float16,1.2789440155029297,360710144,45209600,0.28203747750299685,35.34916263103343
matmul_w8,triton-fp16-weights,mlp_up M=16,16,3072,768,float16,0.06903999671339989,75497472,4841472,1.0935323811414202,70.12561168126945
matmul_w8,triton-int8-weights,mlp_up M=16,16,3072,768,float16,0.07619199901819229,75497472,2482176,0.9908845150784604,32.57790886162907
matmul_w8,triton-fp16-weights,big 4096x4096 M=16,16,4096,4096,float16,0.38838401436805725,536870912,33816576,1.3823197972592847,87.0699481672108
matmul_w8,triton-int8-weights,big 4096x4096 M=16,16,4096,4096,float16,0.3911679983139038,536870912,17039360,1.372481681308635,43.560209611846325
matmul_w8,triton-fp16-weights,big 4096x11008 M=16,16,11008,4096,float16,1.0936480164527893,1442840576,90660864,1.3192915401426915,82.89766235214825
matmul_w8,triton-int8-weights,big 4096x11008 M=16,16,11008,4096,float16,1.3396160006523132,1442840576,45572096,1.077055346679513,34.01877551313892
